{
  "input": ".\/assets\/humans\/input.jpg",
  "faces": [
    {
      "confidence": 0.83003908395767212,
      "boundingBox": {
        "width": 0.13975752890110016,
        "y": 0.58826559782028198,
        "height": 0.20766347646713257,
        "x": 0.32264807820320129
      },
      "roll": -0.029145635664463043,
      "yaw": 0.61972826719284058,
      "pitch": -0.11965049803256989
    },
    {
      "boundingBox": {
        "x": 0.071375250816345215,
        "y": 0.49480897188186646,
        "width": 0.080812282860279083,
        "height": 0.12007769197225571
      },
      "confidence": 0.73984003067016602,
      "roll": 0.082834966480731964,
      "pitch": -0.051388360559940338,
      "yaw": 0.56910687685012817
    },
    {
      "roll": 0.036815539002418518,
      "yaw": -0.32903888821601868,
      "pitch": 0.069029137492179871,
      "confidence": 0.63179898262023926,
      "boundingBox": {
        "width": 0.046571411192417145,
        "x": 0.77826923131942749,
        "height": 0.069199718534946442,
        "y": 0.48056650161743164
      }
    }
  ]
}